<?xml version="1.0" encoding="UTF-8"?><idempiere Name="AD_ToolBarButton" Version="1.0.0" idempiereVersion="7.1.0.qualifier" DataBaseVersion="2019-11-22" Description="" Author="SuperUser" AuthorEmail="superuser @ idempiere.com" CreatedDate="Mon Feb 24 09:52:47 ECT 2020" UpdatedDate="Mon Feb 24 09:52:47 ECT 2020" PackOutVersion="100" UpdateDictionary="true" Client="0-SYSTEM-System" AD_Client_UU="11237b53-9592-4af1-b3c5-afd216514b5d">
    <AD_ToolBarButton type="table">
        <AD_Client_ID>0</AD_Client_ID>
        <AD_Org_ID>0</AD_Org_ID>
        <ComponentName>Attachment</ComponentName>
        <IsActive>N</IsActive>
        <AD_ToolBarButton_ID>200039</AD_ToolBarButton_ID>
        <Name>Window - Attachment</Name>
        <IsCustomization>N</IsCustomization>
        <ActionClassName/>
        <ActionName/>
        <KeyStroke_KeyCode>0</KeyStroke_KeyCode>
        <KeyStroke_Modifiers>0</KeyStroke_Modifiers>
        <AD_ToolBarButton_UU>8a11009c-e166-4fa0-8b93-62afb80be817</AD_ToolBarButton_UU>
        <Action>W</Action>
        <AD_Tab_ID reference="id"/>
        <AD_Process_ID reference="id"/>
        <DisplayLogic/>
        <SeqNo>100</SeqNo>
        <IsAdvancedButton>N</IsAdvancedButton>
        <IsAddSeparator>N</IsAddSeparator>
        <EntityType>D</EntityType>
    </AD_ToolBarButton>
</idempiere>
